"","Country","order","popp","incp","uniq","cumpopp","cumincp"
"151","Austria",1,0.1,0.04,1,0,0
"201","Austria",1,0.1,0.06,2,0.1,0.04
"251","Austria",1,0.1,0.07,3,0.2,0.1
"301","Austria",1,0.1,0.08,4,0.3,0.17
"351","Austria",1,0.1,0.09,5,0.4,0.25
"401","Austria",1,0.1,0.1,6,0.5,0.34
"451","Austria",1,0.1,0.11,7,0.6,0.44
"501","Austria",1,0.1,0.12,8,0.7,0.55
"551","Austria",1,0.1,0.14,9,0.8,0.67
"601","Austria",1,0.1,0.2,10,0.9,0.81
"152","Finland",2,0.1,0.04,11,0,0
"202","Finland",2,0.1,0.06,12,0.1,0.04
"252","Finland",2,0.1,0.07,13,0.2,0.1
"302","Finland",2,0.1,0.08,14,0.3,0.17
"352","Finland",2,0.1,0.09,15,0.4,0.25
"402","Finland",2,0.1,0.1,16,0.5,0.34
"452","Finland",2,0.1,0.11,17,0.6,0.44
"502","Finland",2,0.1,0.12,18,0.7,0.55
"552","Finland",2,0.1,0.14,19,0.8,0.67
"602","Finland",2,0.1,0.2,20,0.9,0.81
"153","Czech Republic",3,0.1,0.0463530872984307,21,0,0
"203","Czech Republic",3,0.1,0.0589947477598982,22,0.1,0.0463530872984307
"253","Czech Republic",3,0.1,0.067580351099641,23,0.2,0.105347835058329
"303","Czech Republic",3,0.1,0.0762596554394926,24,0.3,0.17292818615797
"353","Czech Republic",3,0.1,0.0855510067375006,25,0.4,0.249187841597462
"403","Czech Republic",3,0.1,0.094129632343193,26,0.5,0.334738848334963
"453","Czech Republic",3,0.1,0.107486012135276,27,0.6,0.428868480678156
"503","Czech Republic",3,0.1,0.120692869054846,28,0.7,0.536354492813432
"553","Czech Republic",3,0.1,0.141845371419799,29,0.8,0.657047361868278
"603","Czech Republic",3,0.1,0.201107266711922,30,0.9,0.798892733288077
"154","Belarus",4,0.1,0.0436079347856328,31,0,0
"204","Belarus",4,0.1,0.0602401559860197,32,0.1,0.0436079347856328
"254","Belarus",4,0.1,0.0696312229327424,33,0.2,0.103848090771652
"304","Belarus",4,0.1,0.0774648545211876,34,0.3,0.173479313704395
"354","Belarus",4,0.1,0.0858091060080602,35,0.4,0.250944168225583
"404","Belarus",4,0.1,0.0945023300143678,36,0.5,0.336753274233643
"454","Belarus",4,0.1,0.10457738003623,37,0.6,0.43125560424801
"504","Belarus",4,0.1,0.117178090590428,38,0.7,0.535832984284241
"554","Belarus",4,0.1,0.137775994458096,39,0.8,0.653011074874668
"604","Belarus",4,0.1,0.209212930667236,40,0.9,0.790787069332765
"155","Slovak Republic",5,0.1,0.0448972658481251,41,0,0
"205","Slovak Republic",5,0.1,0.0586285367925563,42,0.1,0.0448972658481251
"255","Slovak Republic",5,0.1,0.0683951766408817,43,0.2,0.103525802640681
"305","Slovak Republic",5,0.1,0.0775094510375886,44,0.3,0.171920979281563
"355","Slovak Republic",5,0.1,0.0848089580893243,45,0.4,0.249430430319152
"405","Slovak Republic",5,0.1,0.0932799981216049,46,0.5,0.334239388408476
"455","Slovak Republic",5,0.1,0.104067290604966,47,0.6,0.427519386530081
"505","Slovak Republic",5,0.1,0.118506438213629,48,0.7,0.531586677135047
"555","Slovak Republic",5,0.1,0.142140880500592,49,0.8,0.650093115348676
"605","Slovak Republic",5,0.1,0.207766004150731,50,0.9,0.792233995849268
"156","Slovenia",6,0.1,0.0410526669697539,51,0,0
"206","Slovenia",6,0.1,0.0575966449336219,52,0.1,0.0410526669697539
"256","Slovenia",6,0.1,0.0687196849910521,53,0.2,0.0986493119033758
"306","Slovenia",6,0.1,0.076373818272248,54,0.3,0.167368996894428
"356","Slovenia",6,0.1,0.0856530613245518,55,0.4,0.243742815166676
"406","Slovenia",6,0.1,0.095829715077221,56,0.5,0.329395876491228
"456","Slovenia",6,0.1,0.106351323390964,57,0.6,0.425225591568449
"506","Slovenia",6,0.1,0.119021395413087,58,0.7,0.531576914959413
"556","Slovenia",6,0.1,0.142023227397966,59,0.8,0.6505983103725
"606","Slovenia",6,0.1,0.207378462229535,60,0.9,0.792621537770466
"157","Hungary",7,0.1,0.0400377625200966,61,0,0
"207","Hungary",7,0.1,0.0583900196713919,62,0.1,0.0400377625200966
"257","Hungary",7,0.1,0.0688091605186541,63,0.2,0.0984277821914885
"307","Hungary",7,0.1,0.0774996470905082,64,0.3,0.167236942710143
"357","Hungary",7,0.1,0.086616033991086,65,0.4,0.244736589800651
"407","Hungary",7,0.1,0.0949309670490937,66,0.5,0.331352623791737
"457","Hungary",7,0.1,0.104886387233011,67,0.6,0.426283590840831
"507","Hungary",7,0.1,0.118045213848698,68,0.7,0.531169978073841
"557","Hungary",7,0.1,0.137785260476112,69,0.8,0.64921519192254
"607","Hungary",7,0.1,0.212999547601348,70,0.9,0.787000452398651
"158","Netherlands",8,0.1,0.04,71,0,0
"208","Netherlands",8,0.1,0.06,72,0.1,0.04
"258","Netherlands",8,0.1,0.07,73,0.2,0.1
"308","Netherlands",8,0.1,0.08,74,0.3,0.17
"358","Netherlands",8,0.1,0.09,75,0.4,0.25
"408","Netherlands",8,0.1,0.09,76,0.5,0.34
"458","Netherlands",8,0.1,0.11,77,0.6,0.43
"508","Netherlands",8,0.1,0.12,78,0.7,0.54
"558","Netherlands",8,0.1,0.14,79,0.8,0.66
"608","Netherlands",8,0.1,0.21,80,0.9,0.8
"159","Luxembourg",9,0.1,0.04,81,0,0
"209","Luxembourg",9,0.1,0.06,82,0.1,0.04
"259","Luxembourg",9,0.1,0.07,83,0.2,0.1
"309","Luxembourg",9,0.1,0.07,84,0.3,0.17
"359","Luxembourg",9,0.1,0.08,85,0.4,0.24
"409","Luxembourg",9,0.1,0.09,86,0.5,0.32
"459","Luxembourg",9,0.1,0.11,87,0.6,0.41
"509","Luxembourg",9,0.1,0.12,88,0.7,0.52
"559","Luxembourg",9,0.1,0.14,89,0.8,0.64
"609","Luxembourg",9,0.1,0.22,90,0.9,0.78
"160","Sweden",10,0.1,0.0369,91,0,0
"210","Sweden",10,0.1,0.05531,92,0.1,0.0369
"260","Sweden",10,0.1,0.06533,93,0.2,0.09221
"310","Sweden",10,0.1,0.07436,94,0.3,0.15754
"360","Sweden",10,0.1,0.08281,95,0.4,0.2319
"410","Sweden",10,0.1,0.09274,96,0.5,0.31471
"460","Sweden",10,0.1,0.10495,97,0.6,0.40745
"510","Sweden",10,0.1,0.12173,98,0.7,0.5124
"560","Sweden",10,0.1,0.1444,99,0.8,0.63413
"610","Sweden",10,0.1,0.22148,100,0.9,0.77853
"161","Norway",11,0.1,0.039,101,0,0
"211","Norway",11,0.1,0.05719,102,0.1,0.039
"261","Norway",11,0.1,0.06603,103,0.2,0.09619
"311","Norway",11,0.1,0.07353,104,0.3,0.16222
"361","Norway",11,0.1,0.08147,105,0.4,0.23575
"411","Norway",11,0.1,0.09089,106,0.5,0.31722
"461","Norway",11,0.1,0.10249,107,0.6,0.40811
"511","Norway",11,0.1,0.11719,108,0.7,0.5106
"561","Norway",11,0.1,0.13851,109,0.8,0.62779
"611","Norway",11,0.1,0.23368,110,0.9,0.7663
"162","France",12,0.1,0.04,111,0,0
"212","France",12,0.1,0.05,112,0.1,0.04
"262","France",12,0.1,0.06,113,0.2,0.09
"312","France",12,0.1,0.07,114,0.3,0.15
"362","France",12,0.1,0.08,115,0.4,0.22
"412","France",12,0.1,0.09,116,0.5,0.3
"462","France",12,0.1,0.11,117,0.6,0.39
"512","France",12,0.1,0.12,118,0.7,0.5
"562","France",12,0.1,0.15,119,0.8,0.62
"612","France",12,0.1,0.22,120,0.9,0.77
"163","Belgium",13,0.1,0.04,121,0,0
"213","Belgium",13,0.1,0.05,122,0.1,0.04
"263","Belgium",13,0.1,0.06,123,0.2,0.09
"313","Belgium",13,0.1,0.07,124,0.3,0.15
"363","Belgium",13,0.1,0.08,125,0.4,0.22
"413","Belgium",13,0.1,0.09,126,0.5,0.3
"463","Belgium",13,0.1,0.1,127,0.6,0.39
"513","Belgium",13,0.1,0.11,128,0.7,0.49
"563","Belgium",13,0.1,0.14,129,0.8,0.6
"613","Belgium",13,0.1,0.25,130,0.9,0.74
"164","Germany",14,0.1,0.0317,131,0,0
"214","Germany",14,0.1,0.0511,132,0.1,0.0317
"264","Germany",14,0.1,0.0616,133,0.2,0.0828
"314","Germany",14,0.1,0.0709,134,0.3,0.1444
"364","Germany",14,0.1,0.0806,135,0.4,0.2153
"414","Germany",14,0.1,0.092,136,0.5,0.2959
"464","Germany",14,0.1,0.1058,137,0.6,0.3879
"514","Germany",14,0.1,0.1237,138,0.7,0.4937
"564","Germany",14,0.1,0.1478,139,0.8,0.6174
"614","Germany",14,0.1,0.2341,140,0.9,0.7652
"165","Ireland",15,0.1,0.03,141,0,0
"215","Ireland",15,0.1,0.05,142,0.1,0.03
"265","Ireland",15,0.1,0.06,143,0.2,0.08
"315","Ireland",15,0.1,0.07,144,0.3,0.14
"365","Ireland",15,0.1,0.08,145,0.4,0.21
"415","Ireland",15,0.1,0.1,146,0.5,0.29
"465","Ireland",15,0.1,0.11,147,0.6,0.39
"515","Ireland",15,0.1,0.12,148,0.7,0.5
"565","Ireland",15,0.1,0.15,149,0.8,0.62
"615","Ireland",15,0.1,0.23,150,0.9,0.77
"166","Romania",16,0.1,0.0310879362708905,151,0,0
"216","Romania",16,0.1,0.0498084317850372,152,0.1,0.0310879362708905
"266","Romania",16,0.1,0.061294405911208,153,0.2,0.0808963680559277
"316","Romania",16,0.1,0.0711151813219386,154,0.3,0.142190773967136
"366","Romania",16,0.1,0.0813762261181501,155,0.4,0.213305955289074
"416","Romania",16,0.1,0.0922755610051843,156,0.5,0.294682181407224
"466","Romania",16,0.1,0.104795325381422,157,0.6,0.386957742412409
"516","Romania",16,0.1,0.121543346005576,158,0.7,0.491753067793831
"566","Romania",16,0.1,0.147954405906569,159,0.8,0.613296413799407
"616","Romania",16,0.1,0.238749180294025,160,0.9,0.761250819705976
"167","Bulgaria",17,0.1,0.0285599356395817,161,0,0
"217","Bulgaria",17,0.1,0.0490077768838831,162,0.1,0.0285599356395817
"267","Bulgaria",17,0.1,0.0614105658353446,163,0.2,0.0775677125234648
"317","Bulgaria",17,0.1,0.0716680075087155,164,0.3,0.138978278358809
"367","Bulgaria",17,0.1,0.0817243228747654,165,0.4,0.210646285867525
"417","Bulgaria",17,0.1,0.0921828908554572,166,0.5,0.29237060874229
"467","Bulgaria",17,0.1,0.10485384821668,167,0.6,0.384553499597747
"517","Bulgaria",17,0.1,0.121346205417002,168,0.7,0.489407347814428
"567","Bulgaria",17,0.1,0.14709037275409,169,0.8,0.610753553231429
"617","Bulgaria",17,0.1,0.242156074014481,170,0.9,0.75784392598552
"168","United Kingdom",18,0.1,0.03,171,0,0
"218","United Kingdom",18,0.1,0.05,172,0.1,0.03
"268","United Kingdom",18,0.1,0.06,173,0.2,0.08
"318","United Kingdom",18,0.1,0.07,174,0.3,0.14
"368","United Kingdom",18,0.1,0.08,175,0.4,0.21
"418","United Kingdom",18,0.1,0.09,176,0.5,0.29
"468","United Kingdom",18,0.1,0.11,177,0.6,0.38
"518","United Kingdom",18,0.1,0.12,178,0.7,0.49
"568","United Kingdom",18,0.1,0.15,179,0.8,0.61
"618","United Kingdom",18,0.1,0.25,180,0.9,0.76
"169","Serbia",19,0.1,0.0349936123081251,181,0,0
"219","Serbia",19,0.1,0.0488629127093581,182,0.1,0.0349936123081251
"269","Serbia",19,0.1,0.058333105434031,183,0.2,0.0838565250174832
"319","Serbia",19,0.1,0.0674985642343951,184,0.3,0.142189630451514
"369","Serbia",19,0.1,0.0770937760049383,185,0.4,0.209688194685909
"419","Serbia",19,0.1,0.0866928946206649,186,0.5,0.286781970690848
"469","Serbia",19,0.1,0.0987455120115955,187,0.6,0.373474865311513
"519","Serbia",19,0.1,0.11601767456761,188,0.7,0.472220377323108
"569","Serbia",19,0.1,0.148612483933099,189,0.8,0.588238051890718
"619","Serbia",19,0.1,0.263149464176183,190,0.9,0.736850535823817
"170","Greece",20,0.1,0.03,191,0,0
"220","Greece",20,0.1,0.04,192,0.1,0.03
"270","Greece",20,0.1,0.06,193,0.2,0.07
"320","Greece",20,0.1,0.07,194,0.3,0.13
"370","Greece",20,0.1,0.08,195,0.4,0.2
"420","Greece",20,0.1,0.09,196,0.5,0.28
"470","Greece",20,0.1,0.11,197,0.6,0.37
"520","Greece",20,0.1,0.13,198,0.7,0.48
"570","Greece",20,0.1,0.16,199,0.8,0.61
"620","Greece",20,0.1,0.24,200,0.9,0.77
"171","Canada",21,0.1,0.02709,201,0,0
"221","Canada",21,0.1,0.04576,202,0.1,0.02709
"271","Canada",21,0.1,0.05816,203,0.2,0.07285
"321","Canada",21,0.1,0.06898,204,0.3,0.13101
"371","Canada",21,0.1,0.08022,205,0.4,0.19999
"421","Canada",21,0.1,0.09144,206,0.5,0.28021
"471","Canada",21,0.1,0.10553,207,0.6,0.37165
"521","Canada",21,0.1,0.12387,208,0.7,0.47718
"571","Canada",21,0.1,0.15144,209,0.8,0.60105
"621","Canada",21,0.1,0.24751,210,0.9,0.75249
"172","Spain",22,0.1,0.0325,211,0,0
"222","Spain",22,0.1,0.0482,212,0.1,0.0325
"272","Spain",22,0.1,0.0581,213,0.2,0.0807
"322","Spain",22,0.1,0.0673,214,0.3,0.1388
"372","Spain",22,0.1,0.0765,215,0.4,0.2061
"422","Spain",22,0.1,0.0872,216,0.5,0.2826
"472","Spain",22,0.1,0.1004,217,0.6,0.3698
"522","Spain",22,0.1,0.1183,218,0.7,0.4702
"572","Spain",22,0.1,0.1484,219,0.8,0.5885
"622","Spain",22,0.1,0.2631,220,0.9,0.7369
"173","Poland",23,0.1,0.0214467574762167,221,0,0
"223","Poland",23,0.1,0.0449707709866635,222,0.1,0.0214467574762167
"273","Poland",23,0.1,0.0569622035479003,223,0.2,0.0664175284628802
"323","Poland",23,0.1,0.0675472642007948,224,0.3,0.123379732010780
"373","Poland",23,0.1,0.078957263852929,225,0.4,0.190926996211575
"423","Poland",23,0.1,0.0911507899039393,226,0.5,0.269884260064504
"473","Poland",23,0.1,0.104583380957824,227,0.6,0.361035049968444
"523","Poland",23,0.1,0.122359325537825,228,0.7,0.465618430926268
"573","Poland",23,0.1,0.150902546212321,229,0.8,0.587977756464093
"623","Poland",23,0.1,0.261119697323586,230,0.9,0.738880302676414
"174","Lithuania",24,0.1,0.0198515586819875,231,0,0
"224","Lithuania",24,0.1,0.0438799854592027,232,0.1,0.0198515586819875
"274","Lithuania",24,0.1,0.0567548503429365,233,0.2,0.0637315441411902
"324","Lithuania",24,0.1,0.0679011899861092,234,0.3,0.120486394484127
"374","Lithuania",24,0.1,0.0791149372988302,235,0.4,0.188387584470236
"424","Lithuania",24,0.1,0.0907668344636155,236,0.5,0.267502521769066
"474","Lithuania",24,0.1,0.104094293700031,237,0.6,0.358269356232682
"524","Lithuania",24,0.1,0.122458068818416,238,0.7,0.462363649932713
"574","Lithuania",24,0.1,0.15198503549736,239,0.8,0.584821718751129
"624","Lithuania",24,0.1,0.263193245751511,240,0.9,0.736806754248489
"175","Portugal",25,0.1,0.03,241,0,0
"225","Portugal",25,0.1,0.04,242,0.1,0.03
"275","Portugal",25,0.1,0.05,243,0.2,0.07
"325","Portugal",25,0.1,0.07,244,0.3,0.12
"375","Portugal",25,0.1,0.08,245,0.4,0.19
"425","Portugal",25,0.1,0.09,246,0.5,0.27
"475","Portugal",25,0.1,0.1,247,0.6,0.36
"525","Portugal",25,0.1,0.12,248,0.7,0.46
"575","Portugal",25,0.1,0.15,249,0.8,0.58
"625","Portugal",25,0.1,0.27,250,0.9,0.73
"176","Latvia",26,0.1,0.0166469766942326,251,0,0
"226","Latvia",26,0.1,0.0473901836537429,252,0.1,0.0166469766942326
"276","Latvia",26,0.1,0.0610031145956396,253,0.2,0.0640371603479755
"326","Latvia",26,0.1,0.07142090001074,254,0.3,0.125040274943615
"376","Latvia",26,0.1,0.0787777897110944,255,0.4,0.196461174954355
"426","Latvia",26,0.1,0.0864837289227795,256,0.5,0.275238964665450
"476","Latvia",26,0.1,0.0969954892063151,257,0.6,0.361722693588229
"526","Latvia",26,0.1,0.114112340242724,258,0.7,0.458718182794544
"576","Latvia",26,0.1,0.14535227150682,259,0.8,0.572830523037268
"626","Latvia",26,0.1,0.281817205455912,260,0.9,0.718182794544088
"177","Macedonia, FYR",27,0.1,0.0169154976440662,261,0,0
"227","Macedonia, FYR",27,0.1,0.0291344607265139,262,0.1,0.0169154976440662
"277","Macedonia, FYR",27,0.1,0.0472796745698677,263,0.2,0.0460499583705801
"327","Macedonia, FYR",27,0.1,0.0649618281985271,264,0.3,0.0933296329404478
"377","Macedonia, FYR",27,0.1,0.0850298152512408,265,0.4,0.158291461138975
"427","Macedonia, FYR",27,0.1,0.107755031946555,266,0.5,0.243321276390216
"477","Macedonia, FYR",27,0.1,0.124544798009148,267,0.6,0.351076308336771
"527","Macedonia, FYR",27,0.1,0.140685973108775,268,0.7,0.475621106345919
"577","Macedonia, FYR",27,0.1,0.154205184741093,269,0.8,0.616307079454694
"627","Macedonia, FYR",27,0.1,0.229487735804214,270,0.9,0.770512264195787
"178","Italy",28,0.1,0.021,271,0,0
"228","Italy",28,0.1,0.04,272,0.1,0.021
"278","Italy",28,0.1,0.052,273,0.2,0.061
"328","Italy",28,0.1,0.064,274,0.3,0.113
"378","Italy",28,0.1,0.076,275,0.4,0.177
"428","Italy",28,0.1,0.089,276,0.5,0.253
"478","Italy",28,0.1,0.107,277,0.6,0.342
"528","Italy",28,0.1,0.128,278,0.7,0.449
"578","Italy",28,0.1,0.157,279,0.8,0.577
"628","Italy",28,0.1,0.266,280,0.9,0.734
"179","Estonia",29,0.1,0.02298,281,0,0
"229","Estonia",29,0.1,0.04148,282,0.1,0.02298
"279","Estonia",29,0.1,0.05471,283,0.2,0.06446
"329","Estonia",29,0.1,0.06539,284,0.3,0.11917
"379","Estonia",29,0.1,0.07406,285,0.4,0.18456
"429","Estonia",29,0.1,0.08416,286,0.5,0.25862
"479","Estonia",29,0.1,0.0989,287,0.6,0.34278
"529","Estonia",29,0.1,0.12032,288,0.7,0.44168
"579","Estonia",29,0.1,0.15404,289,0.8,0.562
"629","Estonia",29,0.1,0.28396,290,0.9,0.71604
"180","Kyrgyz Republic",30,0.1,0.0273472940971098,291,0,0
"230","Kyrgyz Republic",30,0.1,0.0392959438445619,292,0.1,0.0273472940971098
"280","Kyrgyz Republic",30,0.1,0.0493197630483068,293,0.2,0.0666432379416717
"330","Kyrgyz Republic",30,0.1,0.0591322643403321,294,0.3,0.115963000989978
"380","Kyrgyz Republic",30,0.1,0.0705365407717238,295,0.4,0.175095265330311
"430","Kyrgyz Republic",30,0.1,0.0845317585555043,296,0.5,0.245631806102034
"480","Kyrgyz Republic",30,0.1,0.0996800371184506,297,0.6,0.330163564657539
"530","Kyrgyz Republic",30,0.1,0.123937955223572,298,0.7,0.429843601775989
"580","Kyrgyz Republic",30,0.1,0.163491155656314,299,0.8,0.553781556999561
"630","Kyrgyz Republic",30,0.1,0.282727287344124,300,0.9,0.717272712655875
"181","Denmark",31,0.1,0.017,301,0,0
"231","Denmark",31,0.1,0.037,302,0.1,0.017
"281","Denmark",31,0.1,0.046,303,0.2,0.054
"331","Denmark",31,0.1,0.057,304,0.3,0.1
"381","Denmark",31,0.1,0.071,305,0.4,0.157
"431","Denmark",31,0.1,0.087,306,0.5,0.228
"481","Denmark",31,0.1,0.109,307,0.6,0.315
"531","Denmark",31,0.1,0.136,308,0.7,0.424
"581","Denmark",31,0.1,0.166,309,0.8,0.56
"631","Denmark",31,0.1,0.275,310,0.9,0.726
"182","United States",32,0.1,0.01791,311,0,0
"232","United States",32,0.1,0.03528,312,0.1,0.01791
"282","United States",32,0.1,0.04732,313,0.2,0.05319
"332","United States",32,0.1,0.05923,314,0.3,0.10051
"382","United States",32,0.1,0.07173,315,0.4,0.15974
"432","United States",32,0.1,0.08495,316,0.5,0.23147
"482","United States",32,0.1,0.10122,317,0.6,0.31642
"532","United States",32,0.1,0.1232,318,0.7,0.41764
"582","United States",32,0.1,0.15996,319,0.8,0.54084
"632","United States",32,0.1,0.29919,320,0.9,0.7008
"183","Russian Federation",33,0.1,0.01431,321,0,0
"233","Russian Federation",33,0.1,0.03412,322,0.1,0.01431
"283","Russian Federation",33,0.1,0.04622,323,0.2,0.04843
"333","Russian Federation",33,0.1,0.05827,324,0.3,0.09465
"383","Russian Federation",33,0.1,0.06889,325,0.4,0.15292
"433","Russian Federation",33,0.1,0.08256,326,0.5,0.22181
"483","Russian Federation",33,0.1,0.09743,327,0.6,0.30437
"533","Russian Federation",33,0.1,0.11844,328,0.7,0.4018
"583","Russian Federation",33,0.1,0.15352,329,0.8,0.52024
"633","Russian Federation",33,0.1,0.32624,330,0.9,0.67376
"184","Uruguay",34,0.1,0.017231339,331,0,0
"234","Uruguay",34,0.1,0.029781117,332,0.1,0.017231339
"284","Uruguay",34,0.1,0.04080411,333,0.2,0.047012456
"334","Uruguay",34,0.1,0.052371039,334,0.3,0.087816566
"384","Uruguay",34,0.1,0.064878392,335,0.4,0.140187605
"434","Uruguay",34,0.1,0.079145598,336,0.5,0.205065997
"484","Uruguay",34,0.1,0.096751137,337,0.6,0.284211595
"534","Uruguay",34,0.1,0.12238305,338,0.7,0.380962732
"584","Uruguay",34,0.1,0.16693216,339,0.8,0.503345782
"634","Uruguay",34,0.1,0.32972206,340,0.9,0.670277942
"185","Venezuela, RB",35,0.1,0.01448815,341,0,0
"235","Venezuela, RB",35,0.1,0.02822287,342,0.1,0.01448815
"285","Venezuela, RB",35,0.1,0.03923034,343,0.2,0.04271102
"335","Venezuela, RB",35,0.1,0.05050626,344,0.3,0.08194136
"385","Venezuela, RB",35,0.1,0.06268649,345,0.4,0.13244762
"435","Venezuela, RB",35,0.1,0.07787062,346,0.5,0.19513411
"485","Venezuela, RB",35,0.1,0.09669059,347,0.6,0.27300473
"535","Venezuela, RB",35,0.1,0.1239151,348,0.7,0.36969532
"585","Venezuela, RB",35,0.1,0.1682132,349,0.8,0.49361042
"635","Venezuela, RB",35,0.1,0.3381764,350,0.9,0.66182362
"186","Philippines",36,0.1,0.017,351,0,0
"236","Philippines",36,0.1,0.027,352,0.1,0.017
"286","Philippines",36,0.1,0.035,353,0.2,0.044
"336","Philippines",36,0.1,0.044,354,0.3,0.079
"386","Philippines",36,0.1,0.055,355,0.4,0.123
"436","Philippines",36,0.1,0.069,356,0.5,0.178
"486","Philippines",36,0.1,0.088,357,0.6,0.247
"536","Philippines",36,0.1,0.117,358,0.7,0.335
"586","Philippines",36,0.1,0.164,359,0.8,0.452
"636","Philippines",36,0.1,0.384,360,0.9,0.616
"187","Peru",37,0.1,0.011496257,361,0,0
"237","Peru",37,0.1,0.023519602,362,0.1,0.011496257
"287","Peru",37,0.1,0.034486229,363,0.2,0.035015859
"337","Peru",37,0.1,0.046095371,364,0.3,0.069502088
"387","Peru",37,0.1,0.058414078,365,0.4,0.115597459
"437","Peru",37,0.1,0.074269609,366,0.5,0.174011537
"487","Peru",37,0.1,0.093398838,367,0.6,0.248281146
"537","Peru",37,0.1,0.12030703,368,0.7,0.341679984
"587","Peru",37,0.1,0.16563383,369,0.8,0.461987014
"637","Peru",37,0.1,0.37237915,370,0.9,0.627620844
"188","Costa Rica",38,0.1,0.01196965,371,0,0
"238","Costa Rica",38,0.1,0.02463339,372,0.1,0.01196965
"288","Costa Rica",38,0.1,0.03548284,373,0.2,0.03660304
"338","Costa Rica",38,0.1,0.04544614,374,0.3,0.07208588
"388","Costa Rica",38,0.1,0.0570483,375,0.4,0.11753202
"438","Costa Rica",38,0.1,0.07091942,376,0.5,0.17458032
"488","Costa Rica",38,0.1,0.09002297,377,0.6,0.24549974
"538","Costa Rica",38,0.1,0.1170053,378,0.7,0.33552271
"588","Costa Rica",38,0.1,0.1659117,379,0.8,0.45252801
"638","Costa Rica",38,0.1,0.3815603,380,0.9,0.61843971
"189","Argentina",39,0.1,0.011572665,381,0,0
"239","Argentina",39,0.1,0.023179893,382,0.1,0.011572665
"289","Argentina",39,0.1,0.032993991,383,0.2,0.034752558
"339","Argentina",39,0.1,0.043729601,384,0.3,0.067746549
"389","Argentina",39,0.1,0.056243758,385,0.4,0.11147615
"439","Argentina",39,0.1,0.071782041,386,0.5,0.167719908
"489","Argentina",39,0.1,0.090905848,387,0.6,0.239501949
"539","Argentina",39,0.1,0.12167572,388,0.7,0.330407797
"589","Argentina",39,0.1,0.17360308,389,0.8,0.452083517
"639","Argentina",39,0.1,0.37431343,390,0.9,0.625686597
"190","Dominican Republic",40,0.1,0.012448545,391,0,0
"240","Dominican Republic",40,0.1,0.024163446,392,0.1,0.012448545
"290","Dominican Republic",40,0.1,0.033219647,393,0.2,0.036611991
"340","Dominican Republic",40,0.1,0.042672682,394,0.3,0.069831638
"390","Dominican Republic",40,0.1,0.053336458,395,0.4,0.11250432
"440","Dominican Republic",40,0.1,0.068022852,396,0.5,0.165840778
"490","Dominican Republic",40,0.1,0.086381292,397,0.6,0.23386363
"540","Dominican Republic",40,0.1,0.11224426,398,0.7,0.320244922
"590","Dominican Republic",40,0.1,0.15953716,399,0.8,0.432489182
"640","Dominican Republic",40,0.1,0.40797363,400,0.9,0.592026342
"191","Mexico",41,0.1,0.01079,401,0,0
"241","Mexico",41,0.1,0.02141,402,0.1,0.01079
"291","Mexico",41,0.1,0.03145,403,0.2,0.0322
"341","Mexico",41,0.1,0.04134,404,0.3,0.06365
"391","Mexico",41,0.1,0.05265,405,0.4,0.10499
"441","Mexico",41,0.1,0.06633,406,0.5,0.15764
"491","Mexico",41,0.1,0.08401,407,0.6,0.22397
"541","Mexico",41,0.1,0.11001,408,0.7,0.30798
"591","Mexico",41,0.1,0.16417,409,0.8,0.41799
"641","Mexico",41,0.1,0.41784,410,0.9,0.58216
"192","El Salvador",42,0.1,0.006575816,411,0,0
"242","El Salvador",42,0.1,0.01818077,412,0.1,0.006575816
"292","El Salvador",42,0.1,0.02924589,413,0.2,0.024756586
"342","El Salvador",42,0.1,0.04092518,414,0.3,0.054002476
"392","El Salvador",42,0.1,0.05398648,415,0.4,0.094927656
"442","El Salvador",42,0.1,0.06941909,416,0.5,0.148914136
"492","El Salvador",42,0.1,0.08909558,417,0.6,0.218333226
"542","El Salvador",42,0.1,0.1184699,418,0.7,0.307428806
"592","El Salvador",42,0.1,0.1728491,419,0.8,0.425898706
"642","El Salvador",42,0.1,0.4012521,420,0.9,0.598747806
"193","Uganda",43,0.1,0.01268289,421,0,0
"243","Uganda",43,0.1,0.02371344,422,0.1,0.01268289
"293","Uganda",43,0.1,0.03239113,423,0.2,0.03639633
"343","Uganda",43,0.1,0.04091287,424,0.3,0.06878746
"393","Uganda",43,0.1,0.05063108,425,0.4,0.10970033
"443","Uganda",43,0.1,0.06202194,426,0.5,0.16033141
"493","Uganda",43,0.1,0.07710544,427,0.6,0.22235335
"543","Uganda",43,0.1,0.1012076,428,0.7,0.29945879
"593","Uganda",43,0.1,0.1488197,429,0.8,0.40066639
"643","Uganda",43,0.1,0.4505139,430,0.9,0.54948609
"194","Ecuador",44,0.1,0.00992431,431,0,0
"244","Ecuador",44,0.1,0.02020125,432,0.1,0.00992431
"294","Ecuador",44,0.1,0.02908853,433,0.2,0.03012556
"344","Ecuador",44,0.1,0.03871377,434,0.3,0.05921409
"394","Ecuador",44,0.1,0.04939116,435,0.4,0.09792786
"444","Ecuador",44,0.1,0.06258293,436,0.5,0.14731902
"494","Ecuador",44,0.1,0.0800643,437,0.6,0.20990195
"544","Ecuador",44,0.1,0.1063947,438,0.7,0.28996625
"594","Ecuador",44,0.1,0.1548409,439,0.8,0.39636095
"644","Ecuador",44,0.1,0.4487981,440,0.9,0.55120185
"195","Colombia",45,0.1,0.006699402,441,0,0
"245","Colombia",45,0.1,0.0174986,442,0.1,0.006699402
"295","Colombia",45,0.1,0.02721299,443,0.2,0.024198002
"345","Colombia",45,0.1,0.03699329,444,0.3,0.051410992
"395","Colombia",45,0.1,0.04788128,445,0.4,0.088404282
"445","Colombia",45,0.1,0.06109497,446,0.5,0.136285562
"495","Colombia",45,0.1,0.07954474,447,0.6,0.197380532
"545","Colombia",45,0.1,0.1082892,448,0.7,0.276925272
"595","Colombia",45,0.1,0.1633541,449,0.8,0.385214472
"645","Colombia",45,0.1,0.4514315,450,0.9,0.548568572
"196","Panama",46,0.1,0.006510077,451,0,0
"246","Panama",46,0.1,0.01612496,452,0.1,0.006510077
"296","Panama",46,0.1,0.02509794,453,0.2,0.022635037
"346","Panama",46,0.1,0.0353505,454,0.3,0.047732977
"396","Panama",46,0.1,0.0470708,455,0.4,0.083083477
"446","Panama",46,0.1,0.06094214,456,0.5,0.130154277
"496","Panama",46,0.1,0.08142172,457,0.6,0.191096417
"546","Panama",46,0.1,0.1122961,458,0.7,0.272518137
"596","Panama",46,0.1,0.1691948,459,0.8,0.384814237
"646","Panama",46,0.1,0.4459909,460,0.9,0.554009037
"197","Chile",47,0.1,0.009126819,461,0,0
"247","Chile",47,0.1,0.0199893,462,0.1,0.009126819
"297","Chile",47,0.1,0.0272955,463,0.2,0.029116119
"347","Chile",47,0.1,0.03507669,464,0.3,0.056411619
"397","Chile",47,0.1,0.04430744,465,0.4,0.091488309
"447","Chile",47,0.1,0.05545333,466,0.5,0.135795749
"497","Chile",47,0.1,0.07036266,467,0.6,0.191249079
"547","Chile",47,0.1,0.09457611,468,0.7,0.261611739
"597","Chile",47,0.1,0.1463363,469,0.8,0.356187849
"647","Chile",47,0.1,0.4974759,470,0.9,0.502524149
"198","Guatemala",48,0.1,0.007,471,0,0
"248","Guatemala",48,0.1,0.016,472,0.1,0.007
"298","Guatemala",48,0.1,0.025,473,0.2,0.023
"348","Guatemala",48,0.1,0.034,474,0.3,0.048
"398","Guatemala",48,0.1,0.045,475,0.4,0.082
"448","Guatemala",48,0.1,0.058,476,0.5,0.127
"498","Guatemala",48,0.1,0.075,477,0.6,0.185
"548","Guatemala",48,0.1,0.101,478,0.7,0.26
"598","Guatemala",48,0.1,0.155,479,0.8,0.361
"648","Guatemala",48,0.1,0.484,480,0.9,0.516
"199","Sri Lanka",49,0.1,0.005789877,481,0,0
"249","Sri Lanka",49,0.1,0.01856193,482,0.1,0.005789877
"299","Sri Lanka",49,0.1,0.02831204,483,0.2,0.024351807
"349","Sri Lanka",49,0.1,0.03692234,484,0.3,0.052663847
"399","Sri Lanka",49,0.1,0.04649457,485,0.4,0.089586187
"449","Sri Lanka",49,0.1,0.05698174,486,0.5,0.136080757
"499","Sri Lanka",49,0.1,0.06962169,487,0.6,0.193062497
"549","Sri Lanka",49,0.1,0.08609113,488,0.7,0.262684187
"599","Sri Lanka",49,0.1,0.1145448,489,0.8,0.348775317
"649","Sri Lanka",49,0.1,0.5366799,490,0.9,0.463320117
"200","Bolivia",50,0.1,0.002320872,491,0,0
"250","Bolivia",50,0.1,0.008147809,492,0.1,0.002320872
"300","Bolivia",50,0.1,0.01699306,493,0.2,0.010468681
"350","Bolivia",50,0.1,0.02796651,494,0.3,0.027461741
"400","Bolivia",50,0.1,0.0412657,495,0.4,0.055428251
"450","Bolivia",50,0.1,0.05784107,496,0.5,0.096693951
"500","Bolivia",50,0.1,0.08033301,497,0.6,0.154535021
"550","Bolivia",50,0.1,0.1094305,498,0.7,0.234868031
"600","Bolivia",50,0.1,0.1691587,499,0.8,0.344298531
"650","Bolivia",50,0.1,0.4865428,500,0.9,0.513457231
